creation,id,name,text,pub_date,from_id,forward_from,forward_count,edited_date,edit_hide,is_reply,reply_count,reply_to,URL_id
2022-06-24 18:52:55.806538,238,matinmentalofficial,دوستان اوماهالندی جلسه اول آموزش داینامیک هجینگ در اوماها لند قرار گرفت  منتظر جلسات بعدی باشید طی این هفته🔥💚🙏,2022-06-18 15:09:15,,,11,,,1,0,234,9
2022-06-24 18:52:55.662983,239,matinmentalofficial,اوماهالندی ها بالای ۷۰۰ تا ویدیوی قدردانی فرستادند همچین رضایت مخاطب از یک خدمات مالی به جرات میگم بی سابقه است بالای ۹۵ درصد مخاطبین رضایت کامل داشتند😍  خدا رو شکر  مرسی که هستید💚  📍📍📍📍  تو هم اگر میخوای پیشبینی های بازار رمزارز،طلا،بورس،دلار،مسکن و خودرو رو دقیق داشته باشی   و یکی باشه که برات دقیق پیشبینی کنه و همراه با پیشبینی بهت آموزش هم بده  میتونی از لینک پایین تبدیل بشی به یک اوراکل اوماها👇🏼👇🏼👇🏼  http://matinmental.woasacademy.com  🚧🚧🚧,2022-06-19 12:59:43,,,21,,,0,0,,9
2022-06-24 18:52:55.508359,240,matinmentalofficial,یک ویدیویی وایرال شده  از یکی از اقتصاد دان ها که مرداد ۹۸ گفتند رمزارزها نابود میشن   الان دیدم ویدیوشونو امروز ویس تحلیلشو میذارم براتون,2022-06-20 10:17:14,,,5,,,0,0,,9
2022-06-24 18:52:55.364771,241,matinmentalofficial,دیروز استوری گذاشتم دعا کنید دیدم چقدرررر دل پاکید چقدرررر مهربونید💚💚💚   برای دعاهاتون هر کاری که حس کردی از متین بر میاد بهم نگی،نمیبخشمت...  متین منتال رو که ساختیم؛برای این بود کلی آدم یکسال دیگه حالشون از امروز بهتر بشه💚💚💚,2022-06-20 11:15:33,,,4,,,0,0,,9
2022-06-24 18:52:55.238283,242,matinmentalofficial,این همون برگشت V بود که توی لایو شنبه گفتم. ادامه مسیر پایرجاست مثل تحلیل قبل. لایو تا فردا شب سیو هست,2022-06-20 14:28:23,,,16,,,0,0,,9
2022-06-24 18:52:55.084858,244,matinmentalofficial,یاتونه لایو بحران غذا گفتم نان به مشکل میخوره؟ سهمیه بندی آرد تهران  📍📍📍📍,2022-06-20 14:46:58,,,28,,,1,0,116,9
2022-06-24 18:52:54.937701,245,matinmentalofficial,حالا یه پیشبینی دیگه  دنیا داره وارد رکود تورم عظیمی میشه  هر روز پول درآوردن حرفه ای تر و سخت تر میشه   کل دنیا  که روی ایران هم اثر داره  سعی کن اندازه ۶ ماه کشو نقد کنار داشته باشی.   و رو اون پول اصلا ریسک نکنی,2022-06-20 14:47:23,,,102,,,0,0,,9
2022-06-24 18:52:54.800723,246,matinmentalofficial,شاید خیلی وقت ها ناراحت بشی ازم که من فقط از بحران ها میگم   از فرصت هم خیلی وقتا گفتم   اما دوست دارم بحران و سختی ها وقتی اخبار منفی میشنوی بگی متین دمت گرم که قبلش بهم کفتی حواسم بهش باشه,2022-06-20 14:48:08,,,41,,,0,0,,9
2022-06-24 18:52:54.656818,247,matinmentalofficial,الانم رو راه اندازی بیزینس های عموم تمرکز کن که هزینه ثابت پایین داشته باشه   کلی فرصت هست برای این مدل بیزینس ها من همین الان یکیشو شمال مشور دارم راه اندازی میکنم با سرمایه زیر ۱۰۰ میلیون    الان تمرکز کن رو اینکه ۱-بیزینسی با هزینه ثابت پایین راه بندازی ۲-زمانی برای سویینگ تریدینگ‌با ۴۰ درصد سرمایه ات داشته باشی(من فارکس اینکارو الان انجام میدم) ۳-سود سویینگ تریدینگت رو یه ساله سرمایه گذاری کنی,2022-06-20 14:50:39,,,101,,,0,0,,9
2022-06-24 18:52:54.517300,248,matinmentalofficial,دوستانی هم که فارکسی هستند  بنا به استراتژیشون  یادشون باشه تا چند ماه اینده نرخ بهره اروپا هم میره بالا  از فرصت قوی شدن یورو در چند ماه اینده جا نمونن,2022-06-20 14:51:21,,,131,,,0,0,,9
2022-06-24 18:52:54.374982,249,matinmentalofficial,بحران رو اینجا گفتم,2022-06-20 14:51:36,,,23,,,1,0,245,9
2022-06-24 18:52:54.219862,250,matinmentalofficial,اینم یه فرصت,2022-06-20 14:51:42,,,21,,,1,0,248,9
2022-06-24 18:52:54.079296,251,matinmentalofficial,سخنرانی خانم لاگارد هم تایید کرد اینو,2022-06-20 14:56:06,,,23,,,1,0,248,9
2022-06-24 18:52:53.941595,252,matinmentalofficial,هر لایوی دوست داری بذارم  دایرکت بده بهم بگو,2022-06-20 15:21:41,,,7,,,0,0,,9
2022-06-24 18:52:53.784393,253,matinmentalofficial,نفتی که سقوط کرد...  بیتکوینی که صعود کرد...😊💚,2022-06-21 07:11:35,,,12,,,0,0,,9
2022-06-24 18:34:39.448136,254,matinmentalofficial,🔅سلام دوستان🔅 اميدوارم حالتون عالي باشه اين متن بهتون كمك ميكنه تا به مطالب كانال دسترسي سريعتر و راحت تري داشته باشين و بتونين مطالب رو به ترتيب استفاده بفرمايين   🔰آموزش رايگان متاورس  قسمت اول دوره رايگان متاورس  قسمت دوم دوره رايگان متاورس  قسمت سوم دوره رايگان متاورس  قسمت چهارم دوره رايگان متاورس  قسمت پنجم دوره رايگان متاورس  قسمت ششم دوره رايگان متاورس  قسمت هفتم دوره رايگان متاورس  قسمت هشتم دوره رايگان متاورس  قسمت نهم دوره رايگان متاورس  قسمت دهم دوره رايگان متاورس  قسمت يازدهم دوره رايگان متاورس  قسمت دوازدهم دوره رايگان متاورس   🔰آموزش نحوه تقسيم ريسك  قسمت اول تقسيم ريسك  قسمت دوم تقسيم ريسك  قسمت سوم تقسيم ريسك   🔰لايو هاي ضبط شده  لايو 25 اسفند 1400  لايو 7 فروردين 1401  لايو 20 فروردين 1401   🔰توضيحات كامل در رابطه با خريد توييتر توسط ايلان ماسك  قسمت اول ريسك ايلان ماسك براي خريد توييتر   قسمت دوم ريسك ايلان ماسك براي خريد توييتر  توضيحات نهايي در رابطه با خريد توييتر توسط ايلان ماسك    تنظيمات ايچيموكو و تغيير اعداد  آموزش بازي Gala و Townstar,2022-06-21 08:37:12,,,483,,,0,0,,9
2022-06-24 18:34:39.310431,255,matinmentalofficial,دوره رایگان و جذاب متاورس رو از دست نده💚   پیام ریپلای شده برو کامل ببین,2022-06-21 08:37:45,,,7,,,1,0,254,9
2022-06-24 18:34:39.198878,256,matinmentalofficial,لایو شنبه,2022-06-21 13:45:57,,,161,2022-06-21 13:46:14,0,0,0,,9
2022-06-24 18:34:39.058372,257,matinmentalofficial,فرصت شناسی اینه...سر نخ رو از من گرفت خودش رفت سودشو ساخت. اگر حالا نمیدونی بعد گرفتن سر نخ باید چیکار کنی ؛اشکال نداره من بهت یاد میدم فقط کانال و مطالبمو مو به مو‌دنبال کن💚,2022-06-21 14:32:47,,,29,,,1,0,248,9
2022-06-24 18:34:38.912309,258,matinmentalofficial,اگر از طوفان عبور کنی... خودت تبدیل به طوفان میشی🔥,2022-06-23 21:03:18,,,107,,,0,0,,9
2022-06-24 18:52:43.767383,3753,Navasangir100,#وسرمد ⚡️ سیگنال هفتگی قفل در صف خرید در شرایطی که بازار قرمز رنگ هستش ما قفل در صف خرید هستیم 🆔️ @LAENI217,2022-06-19 09:33:43,,,0,,,1,0,3731,8
2022-06-24 18:52:43.636961,3754,Navasangir100,سیگنال های هفتگی که معرفی میشه قبل از ورود حقیقی ها محترم که در صف خرید به ما بپیوندند ما ورود میکنیم در رنج منفی پس اگر نمادی معرفی شد یکی دو روز منفی بود جای نگرانی نیست  ⚡️ اعتماد شما اعتبار ماست  🆔️ @LAENI217,2022-06-19 09:38:42,,,0,,,0,0,,8
2022-06-24 18:52:43.482994,3755,Navasangir100,,2022-06-20 02:54:22,,,0,,,0,0,,8
2022-06-24 18:52:43.360383,3756,Navasangir100,#ختور  ⚡️ سیگنال هفتگی مناسب ورود  🆔️ @LAENI217,2022-06-20 02:55:07,,,2,,,0,0,,8
2022-06-24 18:52:43.218912,3757,Navasangir100,دوستانی که به هر دلیل تو این چند وقته نتونستن سود دلخواه دریافت کنند سیگنال ختور گزینه مناسبی هستش  ⚡️ نقطه خروج اعلام خواهد شد  🌸سیگنال هدیه چنل نوسانگیری لائینی,2022-06-20 02:57:52,,,1,,,0,0,,8
2022-06-24 18:52:43.081633,3758,Navasangir100,📊 سیگنال نوسانی(روزانه)   ✨ #سیگنال_نوسانی_روزانه   📗 #فتوسا  محدوده ورود #10040 💹تارگت #10500 ✅پر سود باشید     ⚠️در صورت تقاضا بالا نگهداری بشه برای فردا   🆔️ @LAENI217,2022-06-20 04:22:37,,,0,,,0,0,,8
2022-06-24 18:52:42.955214,3759,Navasangir100,📊 سیگنال نوسانی(روزانه)   ✨ #سیگنال_نوسانی_روزانه   📗 #ختور  محدوده ورود #11750 💹تارگت #12110 ✅پر سود باشید    👌یه نوسان کوچولو هم میشه گرفت  در کنار سیگنال هفتگی ⚠️در صورت تقاضا بالا نگهداری بشه برای فردا   🆔️ @LAENI217,2022-06-20 04:28:05,,,1,,,0,0,,8
2022-06-24 18:52:42.829888,3760,Navasangir100,📊 سیگنال نوسانی(روزانه)   ✨ #سیگنال_نوسانی_روزانه   📗 #خچرخش  محدوده ورود #20940 💹تارگت #22100 ✅پر سود باشید   ⚠️در صورت تقاضا بالا نگهداری بشه برای فردا   🆔️ @LAENI217,2022-06-20 04:30:59,,,2,2022-06-20 13:30:05,0,0,0,,8
2022-06-24 18:52:42.719681,3761,Navasangir100,#سیگنال_هفتگی ختور مبارکتون باشه  🆔️ @LAENI217,2022-06-20 13:30:46,,,0,,,1,0,3756,8
2022-06-24 18:52:42.594478,3762,Navasangir100,2سیگنال نوسانی روازنه  فتوسا 9 درصد سودهی داشته  ختور 3 درصد   خچرخش هم نوسان نداده   🆔️ @LAENI217,2022-06-20 13:31:47,,,1,,,0,0,,8
2022-06-24 18:52:42.490171,3763,Navasangir100,,2022-06-20 13:31:47,,,1,,,0,0,,8
2022-06-24 18:52:42.384834,3764,Navasangir100,,2022-06-22 04:12:32,,,0,,,0,0,,8
2022-06-24 18:52:42.281347,3765,Navasangir100,📊 سیگنال نوسانی(روزانه)   ✨ #سیگنال_نوسانی_روزانه   📗 #آسیاتک  محدوده ورود #17650 💹تارگت #18450 ✅پر سود باشید     ⚠️در صورت تقاضا بالا نگهداری بشه برای فردا   🆔️ @LAENI217,2022-06-22 04:19:12,,,2,,,0,0,,8
2022-06-24 18:52:42.158203,3766,Navasangir100,📊 سیگنال نوسانی(روزانه)   ✨ #سیگنال_نوسانی_روزانه   📗 #فتوسا  محدوده ورود #11500 💹تارگت #11800 ✅پر سود باشید     ⚠️در صورت تقاضا بالا نگهداری بشه برای فردا   🆔️ @LAENI217,2022-06-22 04:20:00,,,1,,,0,0,,8
2022-06-24 18:52:42.021759,3767,Navasangir100,#شاخص_جعلی #سرکوب_بازار #ضرر_سهامداران #نارضایتی متن را بخوانید واقعیتی تلخ است  👌با تمام این تفاسیر ما تو هر شرایطی بهترین نوسان های روزانه و هفتگی تونستیم دریافت کنیم  🆔️ @LAENI217,2022-06-22 04:47:04,,,1,,,0,0,,8
2022-06-24 18:34:33.755852,3769,Navasangir100,#ورنا ⚡️ 30 درصد از سرمایه تخصیص داده شه  ⚡️ روند صعودی قیمت فعلی ⚡️ 6200  ⚡️ سیگنال هفتگی  🆔️@LAENI217,2022-06-22 04:48:22,,,3,,,0,0,,8
2022-06-24 18:34:33.632206,3770,Navasangir100,#ورنا صف خرید پر قدرت مبارک دوستان باشه نماد هفتگی ما,2022-06-22 14:41:04,,,0,,,1,0,3769,8
2022-06-24 18:34:33.471544,3771,Navasangir100,سلام  دوستان عزیز  🕛تنها تا 24 فردا  ⚡️ با تهیه یک ماه اشتراک vip  👌یک ماه اشتراک رایگان دریافت میکنید  ⚡️ دوماه اشتراک کاری براتوو ثبت میشه و تعطیلات محسوب نمیشه  ⚡️ اخرین طرح بهاری ما...   ⚡️ فرصت طلایی برای دوستانی که همواره دنبال شرایط مناسب هستند 👌  ⚡️ عضویت  ⚡️آموزش نوسانگیری ⚡️ پشتیبانی  ⚡️ سیگنال روزانه_هفتگی  ⚡️ اعلام ورود خروج  ⚡️ برای درخواست عضویت به آیدی ادمین پیام بدید  🆔️ @LAENI217,2022-06-22 14:44:13,,,1,,,0,0,,8
2022-06-24 18:34:33.345991,3772,Navasangir100,#یک_ماه_اشتراک_هدیه 👆👆👆👆,2022-06-22 14:44:48,,,0,,,0,0,,8
2022-06-24 18:34:33.198741,3773,Navasangir100,#اخرین_فرصت_شرکت_در_طرح_هدیه تا_24_امشب  🆔️ @LAENI217,2022-06-24 03:05:55,,,0,,,0,0,,8
2022-06-24 18:52:36.620513,6560,BourseSignalTrade,💢 مسکو: لاوروف برای رایزنی درباره برجام به تهران می‌رود  ♦️سخنگوی وزارت خارجه روسیه از سفر روز ۲۲ و ۲۳ ژوئن (امروز و فردا) وزیر خارجه این کشور به تهران خبر داد.  ♦️«ماریا زاخارووا» گفت انتظار می‌رود در این سفر وزیران خارجه ایران و روسیه درباره تعدادی از موضوعات بین‌المللی مهم از جمله وضعیت پیرامون برجام، وضعیت در اوکراین، سوریه و افغانستان گفت‌وگو کنند. #خبر  @BourseSignalTrade کانال بورسی  @DigitalRamzArzAdmin ادمین,2022-06-22 09:42:51,,,1,,,0,0,,5
2022-06-24 18:52:36.478467,6561,BourseSignalTrade,#خگستر (1 تیر 1401) - روزانه #بررسی_چارت  @BourseSignalTrade کانال بورسی  @DigitalRamzArzAdmin ادمین,2022-06-22 14:08:02,,,1,,,0,0,,5
2022-06-24 18:52:36.352231,6562,BourseSignalTrade,#چکاپا (1 تیر 1401) - روزانه #بررسی_چارت  @BourseSignalTrade کانال بورسی  @DigitalRamzArzAdmin ادمین,2022-06-22 14:08:02,,,1,,,0,0,,5
2022-06-24 18:52:36.242168,6563,BourseSignalTrade,#کفپارس (1 تیر 1401) - روزانه #بررسی_چارت  @BourseSignalTrade کانال بورسی  @DigitalRamzArzAdmin ادمین,2022-06-22 14:08:02,,,1,,,0,0,,5
2022-06-24 18:52:36.117476,6564,BourseSignalTrade,#فلوله (1 تیر 1401) - روزانه #بررسی_چارت  @BourseSignalTrade کانال بورسی  @DigitalRamzArzAdmin ادمین,2022-06-22 14:08:02,,,1,,,0,0,,5
2022-06-24 18:52:36.007771,6565,BourseSignalTrade,#آپ (1 تیر 1401) - روزانه #بررسی_چارت  @BourseSignalTrade کانال بورسی  @DigitalRamzArzAdmin ادمین,2022-06-22 14:08:02,,,1,,,0,0,,5
2022-06-24 18:52:35.896066,6566,BourseSignalTrade,#شتران (1 تیر 1401) - روزانه #بررسی_چارت  @BourseSignalTrade کانال بورسی  @DigitalRamzArzAdmin ادمین,2022-06-22 14:08:02,,,1,,,0,0,,5
2022-06-24 18:52:35.784375,6567,BourseSignalTrade,#شستا (1 تیر 1401) - روزانه #بررسی_چارت  @BourseSignalTrade کانال بورسی  @DigitalRamzArzAdmin ادمین,2022-06-22 14:08:02,,,2,,,0,0,,5
2022-06-24 18:52:35.645113,6568,BourseSignalTrade,💢امیرعبداللهیان،  وزیر امور خارجه ایران خبر داد:   ♦️ برنامه‌ریزی‌هایی برای از سرگیری مذاکرات وین در دستور کار قرار دارد. #خبر  @BourseSignalTrade کانال بورسی  @DigitalRamzArzAdmin ادمین,2022-06-23 12:22:04,,,0,,,0,0,,5
2022-06-24 18:52:35.501066,6569,BourseSignalTrade,💢 امیرعبداللهیان: تماس‌های مستمر درباره مذاکرات وین در جریان است  ♦️وزیر خارجه ایران درباره ارسال بسته پیشنهادی به آمریکا گفت: قطار به ایستگاه‌های سخت برای نقطه پایان خود رسیده است. ایجاب می‌کند توقف در یک ایستگاه خاص را در نظر بگیریم.  ♦️گاهی این نیاز و خواست طرف‌های مذاکره‌کننده برای لغو تحریم‌ها بوده و گاهی اوقات برای جمع بندی مذاکرات لازم داشتیم توقف و مکث در مذاکرات ایجاد شود.  ♦️به‌رغم صدور قطعنامه نادرست و غیرمعمولی که با پیشنهاد آمریکا در آژانس تصویب شد، در مقابل سه گام مهم برای اقدامات اضافی هسته‌ای انجام دادیم از جمله در موضوع ۲۷دوربین برجامی که از مدار خارج شد.   ♦️طرف‌های مقابل به صورت مشخص آمریکا، بورل و مورا به تلاش‌های خود برای بازگشت همه به مذاکرات ادامه می‌‌دهند. در ساعات گذشته باقری در تماس مستمر با مورا بود و من هم با بورل.   ♦️امیدواریم بتوانیم در آینده نزدیک ریل مذاکرات را که در مسیر درست خودش قرار دارد مجدداً این قطار را بر روی ریل در جریان و حرکت نگهداریم.  ♦️ما به مسیر دیپلماسی که مسیر درستی است ادامه می‌دهیم و بار دیگر آمریکا را به واقع‌بینی دعوت می‌کنیم. فارس #خبر  @BourseSignalTrade کانال بورسی  @DigitalRamzArzAdmin ادمین,2022-06-23 12:22:04,,,0,,,0,0,,5
2022-06-24 18:52:35.376364,6570,BourseSignalTrade,💢طرح جدید سازمان بورس برای تضمین اصل سرمایه سهامداران  ♦️سازمان بورس اوراق بهادار تهران اعلام کرده که در راستای ایجاد اطمینان خاطر برای سرمایه‌گذارانی که تمایل دارند به صورت غیرمستقیم از طریق صندوق‌های سرمایه‌گذاری وارد بازار سرمایه شوند، برای دو صندوق سرمایه‌گذاری مختلط با تضمین اصل مبلغ سرمایه‌گذاری در دو قالب تضمین اصل مبلغ سرمایه‌گذاری توسط رکن ضامن و تضمین اصل مبلغ سرمایه‌گذاری توسط دارندگان واحدهای سرمایه‌گذاری ممتاز، موافقت اصولی صادر کرده است.  ♦️در این صندوق‌ها، تضمین اصل مبلغ سرمایه‌گذاری توسط رکن ضامن، شخص ثالثی خارج از ساختار سرمایه‌گذاران صندوق، اصل مبلغ سرمایه‌گذاری را در قبال دریافت کارمزد ضمانت می‌کند. | روابط عمومی سازمان بورس و اوراق بهادار #خبر  @BourseSignalTrade کانال بورسی  @DigitalRamzArzAdmin ادمین,2022-06-23 12:22:04,,,3,,,0,0,,5
2022-06-24 18:52:35.200873,6571,BourseSignalTrade,💢بورل امشب در تهران خواهد بود  ♦️سعید خطیب زاده سخنگوی وزارت امور خارجه از سفر امشب جوزپ بورل نماینده عالی سیاست خارجی و امور امنیتی اتحادیه اروپایی به تهران برای دیدار با وزیر امور‌ خارجه کشورمان و برخی‌ دیگر از مقامات جمهوری اسلامی ایران خبر داد.  ♦️به گفته سخنگوی وزارت امور خارجه در این سفر که در چارچوب رایزنی‌های جاری میان ایران و اتحادیه اروپایی انجام می شود در خصوص مناسبات دوجانبه، برخی موضوعات منطقه‌ای و بین‌المللی و همچنین آخرین وضعیت مذاکرات رفع تحریم‌ها بحث و تبادل نظر صورت خواهد گرفت. #خبر  @BourseSignalTrade کانال بورسی  @DigitalRamzArzAdmin ادمین,2022-06-24 08:49:36,,,0,,,0,0,,5
2022-06-24 18:52:35.059243,6572,BourseSignalTrade,#درخواستی #خودرو شاهد پولبک به خط روند شکسته شده و واکنش به این محدوده هستیم، همزمانی واکنش به این محدوده با قرارگیری RSI روی محدوده‌ی حمایتی (اشباع فروش) و ایجاد یک کف بالاتر(مینور) قیمتی و کراس MACD باعث ایجاد دیدگاه مثبت نسبت به رشد کوتاه مدتی این نماد شده است که در صورت شکست 218 تومان، تایید خواهد شد و تا محدوده‌های مشخص شده روی چارت احتمال رشد خواهد داشت.  @BourseSignalTrade کانال بورسی  @DigitalRamzArzAdmin ادمین,2022-06-24 08:49:37,,,1,,,0,0,,5
2022-06-24 18:52:34.918626,6573,BourseSignalTrade,#درخواستی #شبندر در شرایطی که همچنان درگیر عبور از سقف کانال نزولی است با فاصله‌ی 40 درصدی تا سقف تاریخی و وضعیت قیمت نفت و کرک اسپرد محصولات تولیدی این شرکت، پیش بینی می‌شود مسیر همواری برای رشد این نماد مهیا باشد، مهم ترین رویدادهای پیش روی این نماد، گزارش حسابرسی شده‌ی سالانه و همچنین گزارش سه ماهه فصل بهار است که با توجه به افزایش قابل توجه کرک اسپرد از اسفند ماه سال گذشته، انتظار میر‌رود میزان سودسازی این رسته ورای تصور باشد، با اینحال همچنان ریسک دست درازی دولت به جیب پالایشی‌ها وجود دارد که از ریسکهای قابل توجه و تاثیر گذار خواهد بود.   @BourseSignalTrade کانال بورسی  @DigitalRamzArzAdmin ادمین,2022-06-24 08:49:37,,,6,,,0,0,,5
2022-06-24 18:52:34.776011,6574,BourseSignalTrade,#درخواستی #شپنا در عبور از سقف کانال صعودی، ضعیف عمل کرده، همچنین وضعیت اندیکاتور ها سرمایه گذاری روی این سهم را در این محدوده‌ها با ریسک مواجه کرده است و به نظر می‌رسد همچنان اصلاح زمانی و قیمتی را پیش رو داشته باشد. با این حال آنچه که در بررسی سهم #شبندر ذکر شد، یعنی وضعیت قیمت نفت و کرک اسپرد محصولات تولیدی توسط پالایشی‌ها، و گزارش سال گذشته و همچنین فصل بهار، می‌تواند تاثیر بسیار مهمی روی عرضه و تقاضای این نماد هم داشته باشد.  @BourseSignalTrade کانال بورسی  @DigitalRamzArzAdmin ادمین,2022-06-24 08:49:37,,,4,,,0,0,,5
2022-06-24 18:34:30.510739,6575,BourseSignalTrade,#درخواستی #پالایشی قیمت‌ همچنان درحال اصلاح و حرکت به سمت مناطق حمایتی (پولبک به خط روند شکسته شده) وضعیت اندیکاتورها نیز به شکلی است که به نظر می‌رسد وضعیت را برای صعود مناسب نباشد. با اینحال ارائه‌ی گزارشات مثبت در رسته‌ی پالایشی‌ها و افزایش قیمت و بهبود تقاضا، میتواند باعث ایجاد بهبود وضعیت صندوق ETF پالایشی نیز بشود.   @BourseSignalTrade کانال بورسی  @DigitalRamzArzAdmin ادمین,2022-06-24 11:49:39,,,4,,,0,0,,5
2022-06-24 18:34:30.385115,6576,BourseSignalTrade,#درخواستی #خساپا واکنش به محدوده‌ی حمایتی(خط روند صعودی و حمایت استاتیک) و همزمان کراس مثبت MACD و و تشکیل روند صعودی RSI و همچنین تشکیل (احتمالی) الگوی کف دوقلو، می‌تواند منجر به صعود قیمت سهم در بازه‌ی کوتاه مدتی شود. انتشار خبر قیمت گذاری بلوک خودرویی ها در هفته‌ی پیش رو، در صورتی که عدد و رقم های جذابی اعلام شود می‌تواند جو بهتری در رسته‌ی خودرویی ها ایجاد کند که باعث افزایش تقاضا شود.  @BourseSignalTrade کانال بورسی  @DigitalRamzArzAdmin ادمین,2022-06-24 11:49:39,,,4,,,0,0,,5
2022-06-24 18:34:30.225537,6577,BourseSignalTrade,#درخواستی #خگستر کراس مثبت MACD واکنش مثبت نسبت به قرار گیری در محدوده‌ی حمایتی قیمتی و RSI در صورت بهبود شرایط بازار، احتمال شکستن سقف کانال نزولی کوتاه مدت (مشکوک به الگوی پرچم)  @BourseSignalTrade کانال بورسی  @DigitalRamzArzAdmin ادمین,2022-06-24 14:40:04,,,1,,,0,0,,5
2022-06-24 18:34:30.101973,6578,BourseSignalTrade,#درخواستی #ستران قرارگیری RSI در محدوده‌ی مقاومتی (اشباع خرید) شکسته شدن خط روند نزولی مشکوک به واگرایی RSI قرارگیری در محدوده‌ی مقاومتی استاتیک (سقف قبلی)  @BourseSignalTrade کانال بورسی  @DigitalRamzArzAdmin ادمین,2022-06-24 14:40:04,,,1,,,0,0,,5
2022-06-24 18:34:29.983841,6579,BourseSignalTrade,#درخواستی #هرمز کراس مثبت MACD شکسته شدن خط روند صعودی کوتاه مدت! حرکت با خط روند نزولیRSI  @BourseSignalTrade کانال بورسی  @DigitalRamzArzAdmin ادمین,2022-06-24 14:40:04,,,0,,,0,0,,5
2022-06-24 18:52:38.954969,8138,Bozorgane_tse,🏆💎✅  سومین #خرید_گروهی 👈 #سمگا  📆 01/03/29  📊 صف خرید  @bozorgane_tse 👇  109 کد حقیقی جمعاً : 9 میلیارد و 219 میلیون تومان هر کدام : 85 میلیون تومان  💚 = 2.4 ⬇️ 💰= 8040 ⌚️= 09:48,2022-06-19 05:31:27,,,1,2022-06-19 05:32:27,1,0,0,,4
2022-06-24 18:52:38.821726,8139,Bozorgane_tse,🏆💎✅  اولین #خرید_گروهی 👈 #ولساپا  📆 01/03/29  📊 صف خرید  @bozorgane_tse 👇  7 کد حقیقی جمعاً : 3 میلیارد و 593 میلیون تومان هر کدام : 513 میلیون تومان  💚 = 2.5  💰= 1652 ⌚️= 09:50,2022-06-19 05:31:38,,,3,2022-06-19 05:32:34,1,0,0,,4
2022-06-24 18:52:38.722669,8140,Bozorgane_tse,,2022-06-20 04:59:02,,,0,,,0,0,,4
2022-06-24 18:52:38.607792,8141,Bozorgane_tse,🏆💎✅  دومین #خرید_گروهی 👈 #سپاها  📆 01/03/30  📊 مثبت 5.8  @bozorgane_tse 👇  36 کد حقیقی جمعاً : 4 میلیارد و 180 میلیون تومان هر کدام : 116 میلیون تومان  💚 = 3.7 ⬇️ 💰= 12220 ⌚️= 09:04,2022-06-20 04:59:18,,,3,,,0,0,,4
2022-06-24 18:52:38.481787,8142,Bozorgane_tse,🏆💎✅  اولین #خرید_گروهی 👈 #وساپا  📆 01/03/30  📊 صف خرید  @bozorgane_tse 👇  58 کد حقیقی جمعاً : 7 میلیارد و 449 میلیون تومان هر کدام : 128 میلیون تومان  💚 = 1.8  💰= 4977 ⌚️= 09:06,2022-06-20 04:59:28,,,1,2022-06-20 05:38:41,1,0,0,,4
2022-06-24 18:52:38.355916,8143,Bozorgane_tse,❇️  چهارمین #خرید_تکی 👈 #وبوعلی  📆 01/03/30  📊 مثبت 5.3  @bozorgane_tse 👇  2 کد حقیقی جمعاً : 663 میلیون تومان هر کدام : 331 میلیون تومان  💚 = 2.2 ⬇️ 💰= 4439 ⌚️= 10:26,2022-06-20 06:27:14,,,1,2022-06-20 07:08:30,1,0,0,,4
2022-06-24 18:52:38.232175,8144,Bozorgane_tse,🔥  اولین #فروش_مهم 👈 #بموتو  📆 01/03/30  📊 صف فروش  @bozorgane_tse 👇  1 کد حقیقی جمعاً : 1 میلیارد و 52 میلیون تومان هر کدام : 1 میلیارد و 52 میلیون تومان  ❤️ = 4  💰= 2887 ⌚️= 10:11,2022-06-20 06:27:37,,,1,,,0,0,,4
2022-06-24 18:52:38.111467,8145,Bozorgane_tse,🏆💎✅  ششمین #خرید_گروهی 👈 #های_وب  📆 01/03/30  📊 صف خرید  @bozorgane_tse 👇  25 کد حقیقی جمعاً : 4 میلیارد و 930 میلیون تومان هر کدام : 197 میلیون تومان  💚 = 2.2 ⬆️ 💰= 9870 ⌚️= 10:35,2022-06-20 06:27:51,,,4,2022-06-20 06:30:32,1,0,0,,4
2022-06-24 18:52:38.001796,8146,Bozorgane_tse,,2022-06-21 05:30:39,,,0,,,0,0,,4
2022-06-24 18:52:37.885078,8147,Bozorgane_tse,🏆💎✅  اولین #خرید_گروهی 👈 #حکشتی  📆 01/03/31  📊 صف خرید  @bozorgane_tse 👇  57 کد حقیقی جمعاً : 7 میلیارد و 871 میلیون تومان هر کدام : 138 میلیون تومان  💚 = 2.6  💰= 20500 ⌚️= 09:25,2022-06-21 05:30:44,,,2,2022-06-21 09:37:33,1,0,0,,4
2022-06-24 18:52:37.716507,8148,Bozorgane_tse,🔥  اولین #فروش_مهم 👈 #قثابت  📆 01/03/31  📊 صف فروش  @bozorgane_tse 👇  1 کد حقیقی جمعاً : 672 میلیون تومان هر کدام : 672 میلیون تومان  ❤️ = 3.6  💰= 2929 ⌚️= 09:16,2022-06-21 05:30:56,,,1,2022-06-21 05:31:36,1,0,0,,4
2022-06-24 18:52:37.604624,8149,Bozorgane_tse,🔥  اولین #فروش_مهم 👈 #خچرخش  📆 01/03/31  📊 صف فروش  @bozorgane_tse 👇  1 کد حقیقی جمعاً : 931 میلیون تومان هر کدام : 931 میلیون تومان  ❤️ = 10  💰= 19740 ⌚️= 09:51,2022-06-21 05:31:06,,,0,2022-06-21 05:41:55,1,0,0,,4
2022-06-24 18:52:37.480955,8150,Bozorgane_tse,🔥  سومین #فروش_مهم 👈 #وآذر  📆 01/03/31  📊 صف فروش  @bozorgane_tse 👇  1 کد حقیقی جمعاً : 588 میلیون تومان هر کدام : 588 میلیون تومان  ❤️ = 1.3 ⬇️ 💰= 80680 ⌚️= 11:56,2022-06-21 08:01:52,,,0,,,0,0,,4
2022-06-24 18:52:37.368792,8151,Bozorgane_tse,❇️  چهارمین #خرید_تکی 👈 #سبزوا  📆 01/03/31  📊 منفی 2.2  @bozorgane_tse 👇  1 کد حقیقی جمعاً : 454 میلیون تومان هر کدام : 454 میلیون تومان  ❤️ = 1.3 ⬇️ 💰= 3389 ⌚️= 12:07,2022-06-21 08:02:04,,,8,2022-06-21 09:53:05,1,0,0,,4
2022-06-24 18:52:37.247118,8152,Bozorgane_tse,,2022-06-22 06:05:57,,,0,,,0,0,,4
2022-06-24 18:34:31.513137,8153,Bozorgane_tse,🏆💎✅  سومین #خرید_گروهی 👈 #خگستر  📆 01/04/01  📊 صف خرید  @bozorgane_tse 👇  56 کد حقیقی جمعاً : 8 میلیارد و 156 میلیون تومان هر کدام : 146 میلیون تومان  💚 = 2.7 ⬆️ 💰= 3618 ⌚️= 09:45,2022-06-22 06:06:02,,,3,2022-06-22 07:18:25,1,0,0,,4
2022-06-24 18:34:31.387357,8154,Bozorgane_tse,🏆💎✅  اولین #خرید_گروهی 👈 #حکشتی  📆 01/04/01  📊 صف خرید  @bozorgane_tse 👇  52 کد حقیقی جمعاً : 7 میلیارد و 224 میلیون تومان هر کدام : 139 میلیون تومان  💚 = 2 ⬆️ 💰= 21450 ⌚️= 10:14,2022-06-22 06:06:32,,,2,2022-06-22 06:11:59,1,0,0,,4
2022-06-24 18:34:31.245833,8155,Bozorgane_tse,🏆💎✅  اولین #خرید_گروهی 👈 #وآذر  📆 01/04/01  📊 منفی 4.9  @bozorgane_tse 👇  10 کد حقیقی جمعاً : 2 میلیارد و 168 میلیون تومان هر کدام : 217 میلیون تومان  💚 = 1  💰= 78230 ⌚️= 10:23,2022-06-22 06:06:46,,,5,2022-06-22 06:41:28,1,0,0,,4
2022-06-24 18:34:31.119221,8156,Bozorgane_tse,🔥  اولین #فروش_مهم 👈 #خفولا  📆 01/04/01  📊 صف خرید  @bozorgane_tse 👇  1 کد حقیقی جمعاً : 471 میلیون تومان هر کدام : 471 میلیون تومان  💚 = 2.3 ⬇️ 💰= 19760 ⌚️= 11:23,2022-06-22 07:15:47,,,2,2022-06-22 07:37:40,1,0,0,,4
2022-06-24 18:34:31.004820,8157,Bozorgane_tse,💎  سومین #خرید_مهم 👈 #سبزوا  📆 01/04/01  📊 صف خرید  @bozorgane_tse 👇  1 کد حقیقی جمعاً : 439 میلیون تومان هر کدام : 439 میلیون تومان  💚 = 10 ⬇️ 💰= 3516 ⌚️= 11:24,2022-06-22 07:16:06,,,8,2022-06-23 06:02:09,1,0,0,,4
2022-06-24 18:52:50.114793,10841,burs_signal,#خودرو  #خساپا امیدوارم روزی که #خودرو به 420 تومان و #خساپا به 360 تومان میرسه این کانال هایی که با منفی خوردن این چند روز دو تا سهم بساط دیدید گفتیم راه انداختند بتونند تو روی ملت نگاه کنند! 1401/03/07,2022-05-28 05:43:23,,,9,2022-05-28 06:26:21,1,0,0,,10
2022-06-24 18:52:49.975007,10842,burs_signal,#وبصادر ۴۰ تومانی سال ۹۸ خاطرتون هست؟؟ این #وبصادر ۱۹۵ تومانی از قیمت اون سال هم مفت تر هست! ۱۴۰۱/۰۳/۱۰,2022-05-31 05:06:28,,,12,2022-05-31 05:11:52,1,0,0,,10
2022-06-24 18:52:49.818391,10843,burs_signal,#ارز_دیجیتال دوستانی که از سیگنال های #جامانده قبلا استفاده کردند باید عرض کنم برای مثال ارز #اتریوم روی ۲۹۰۰ و ۳۵۰۰ دلار جامانده داره، این یعنی این که اتریوم حتی اگر بخواهد ۱ دلار شود قبلش حتما باید یک سر به این دو تا قیمت بزند، قیمت فعلی اتریوم ۱۲۰۰ دلار!,2022-06-14 13:11:01,,,2,,,0,0,,10
2022-06-24 18:52:49.694481,10844,burs_signal,#غمارگ,2022-06-19 07:40:12,,,1,,,0,0,,10
2022-06-24 18:52:49.540420,10845,burs_signal,#خساپا,2022-06-19 07:40:12,,,2,,,0,0,,10
2022-06-24 18:34:37.290446,10846,burs_signal,#وبصادر,2022-06-19 07:40:13,,,2,,,0,0,,10
2022-06-24 18:34:37.149484,10847,burs_signal,#غمارگ روی حمایت معتبری قرار گرفته، بررسی کنید دوستان ✅,2022-06-21 05:13:10,,,0,,,1,0,10844,10
2022-06-24 18:34:37.023783,10848,burs_signal,کاملا مشخصه دارن آخرین سهم هارو روی حمایت ازدست سهامداران خرد جمع می کنند، تارگت 400 تومان برای سهم فعال هست ✅,2022-06-21 06:09:46,,,0,2022-06-21 06:10:06,1,0,0,,10
2022-06-24 18:34:36.878860,10849,burs_signal,#غمارگ آدم خندش میگیره واقعا! سهمی که تا ساعت 11 میل به سبز شدن داشت به یکباره رنج منفی میزنند تا صف فروش! بازارگردان هم که حکم هویج رو دارند، 30 میلیون سهم تو اوج فروخته الان نشسته تخمه میشکنه، عملا شرکت ها با یکسری لاشخور قرارداد بستند اون زمان تا فقط از خون سهامدارا تغذیه کنند، روی این سهم سهامداری کنید تارگت 400 تومان براش فعال هست. 1401/03/31,2022-06-21 06:49:31,,,0,,,0,0,,10
2022-06-24 18:34:36.729046,10850,burs_signal,#غمارگ ✅️,2022-06-22 06:40:25,,,0,,,1,0,10848,10
2022-06-24 18:52:48.882888,12699,bartarinsahm,#بموتو امروز می تونه دومین صف خریدش باشه   ╭────「🌾」 @bartarinsahm  1401/04/01 ╰─┈➤❥᭄‌「🌾」,2022-06-22 04:50:26,,,0,,,1,0,12686,2
2022-06-24 18:52:48.743266,12700,bartarinsahm,#قشیر  صف فروش   ╭────「🌾」 @bartarinsahm  1401/04/01 ╰─┈➤❥᭄‌「🌾」,2022-06-22 04:53:23,,,0,,,1,0,12689,2
2022-06-24 18:52:48.601764,12701,bartarinsahm,#بنو به احتمال فراوان سبز خواهد شد   ╭────「🌾」 @bartarinsahm  1401/04/01 ╰─┈➤❥᭄‌「🌾」,2022-06-22 05:00:28,,,1,,,0,0,,2
2022-06-24 18:52:48.462803,12702,bartarinsahm,😉,2022-06-22 05:03:17,,,0,,,1,0,12691,2
2022-06-24 18:52:48.321856,12703,bartarinsahm,#حگردش سومین صف خرید   ╭────「🌾」 @bartarinsahm  1401/04/01 ╰─┈➤❥᭄‌「🌾」,2022-06-22 06:04:39,,,0,,,1,0,12692,2
2022-06-24 18:52:48.194508,12704,bartarinsahm,انگار دارن #بموتو رو خالی می کنن کمی احتیاط کنین  ╭────「🌾」 @bartarinsahm  1401/04/01 ╰─┈➤❥᭄‌「🌾」,2022-06-22 06:10:12,,,0,,,1,0,12699,2
2022-06-24 18:52:48.039615,12705,bartarinsahm,#ساینا دیروز منفی 5 گفتم اومد تا صفر تابلو امروز می تونه بره تا صف خرید  ╭────「🌾」 @bartarinsahm  1401/04/01 ╰─┈➤❥᭄‌「🌾」,2022-06-22 07:07:40,,,0,,,1,0,12683,2
2022-06-24 18:52:47.897369,12706,bartarinsahm,#ساینا  و صف خرید ╭────「🌾」 @bartarinsahm  1401/04/01 ╰─┈➤❥᭄‌「🌾」,2022-06-22 08:02:04,,,0,2022-06-22 08:03:50,1,1,0,12705,2
2022-06-24 18:52:47.754465,12707,bartarinsahm,آخر هفته خوبی داشته باشید,2022-06-22 08:02:12,,,0,2022-06-22 08:03:54,1,0,0,,2
2022-06-24 18:52:47.643679,12708,bartarinsahm,#نوین #افشای_اطلاعات_بااهمیت - (نتایج شرکت در مناقصه - گروه الف) منتهی به سال مالی 1401/12/29 شرکت بیمه نوین,2022-06-22 11:15:37,,,1,,,1,0,12672,2
2022-06-24 18:52:47.535232,12709,bartarinsahm,#نوین,2022-06-22 11:16:58,,,0,,,0,0,,2
2022-06-24 18:52:47.423765,12710,bartarinsahm,#شاخص_کل به نظر اصلاح شاخص کل ادامه دار خواهد بود و به فرسایشی بودن خود ادامه خواهد داد . این اصلاح می تواند تا محدوده 1504000 الی 1505000 واحد ادامه داشته باشد . همچنان محدوده خروج از بازار رو 1477000 الی 1480000 در نظر خواهیم داشت . در صورت حمایت از شاخص ، بار دیگر روند صعودی شاخص تا محدوده 1607000 خواهد بود تا تکلیف خود را با این مقاومت مشخص کند  اگر این محدوده رو با قدرت از بشکند تا محدوده 1700000 روند صعودی طی نوساناتی ادامه خواهد داشت .   ╭────「🌾」 @bartarinsahm  1401/04/01 ╰─┈➤❥᭄‌「🌾」,2022-06-22 16:16:29,,,2,,,0,0,,2
2022-06-24 18:52:47.298265,12711,bartarinsahm,,2022-06-22 16:30:19,,,2,,,0,0,,2
2022-06-24 18:52:47.176591,12712,bartarinsahm,,2022-06-23 13:47:14,,,0,,,0,0,,2
2022-06-24 18:52:47.038739,12713,bartarinsahm,#واتی بر روی حمایت خوب محدوده 9700 قرار دارد  با رعایت حد ضرر محدوده 9300 می توان با هدف محدوده 11700 وارد سهم شد  بررسی کنین   ╭────「🌾」 @bartarinsahm  1401/04/02 ╰─┈➤❥᭄‌「🌾」,2022-06-23 13:48:51,,,2,,,0,0,,2
2022-06-24 18:34:35.907029,12714,bartarinsahm,#پاسا برای روز شنبه زیر نظر داشته باشید  به نزدیکی عددی که در تصویر مشخص شده نزدیک شده  اندیکاتور استوکاستیک هم وارد محدوده اشباع فروش شده  جزو واچتون باشه  ╭────「🌾」 @bartarinsahm  1401/04/02 ╰─┈➤❥᭄‌「🌾」,2022-06-23 13:55:21,,,2,,,1,0,12677,2
2022-06-24 18:34:35.776400,12715,bartarinsahm,#ددام با رعایت حد ضرر محدوده 10089 می تواند تا هدف محدوده 13400 در گام اول حرکت کند  باید منتظر موند و دید که آیا خط روند نزولی خواهد شکست یا نه ؟  تا اهداف بعدی را تاچ کند ؟   ╭────「🌾」 @bartarinsahm  1401/04/02 ╰─┈➤❥᭄‌「🌾」,2022-06-23 14:33:27,,,0,,,0,0,,2
2022-06-24 18:34:35.630770,12716,bartarinsahm,#دجابر  روز شنبه اگر بر روی محدوده 11000 تثبیت کند می تواند تا هدف محدوده 14500 پس از شکست خط روند نزولی رشد کند . هدف دوم می تواند محدوده 17100 باشد . حد ضرر محدوده 9200  ╭────「🌾」 @bartarinsahm  1401/04/02 ╰─┈➤❥᭄‌「🌾」,2022-06-23 14:42:46,,,2,,,0,0,,2
2022-06-24 18:34:35.480357,12717,bartarinsahm,قدرت در سهام زیر تایید شده هست  جا دارد بررسی کنین  #افرا #سصفها #وامین #ورازی #ولانا #ولملت  ╭────「🌾」 @bartarinsahm  1401/04/02 ╰─┈➤❥᭄‌「🌾」,2022-06-23 14:51:42,,,2,2022-06-24 05:11:23,1,0,0,,2
2022-06-24 18:34:35.357924,12718,bartarinsahm,#سبزوا سیگنال #کانال_خصوصی   ╭────「🌾」 @bartarinsahm  1401/04/02 ╰─┈➤❥᭄‌「🌾」,2022-06-23 15:04:39,,,1,,,0,0,,2
2022-06-24 18:52:52.860743,17589,hamian_bourse,❇️ #رکیش هم امروز خوب بود ٪۴.۵ مثبت آخرین معامله,2022-06-22 08:07:57,,,1,,,1,0,17560,6
2022-06-24 18:52:52.736668,17590,hamian_bourse,✅ بیشترین #ورود پول #حقیقی امروز :  ۱. #ورنا ۲. #حکشتی ۳.#خبازرس ۴. #غزر  https://t.me/hamian_bourse,2022-06-22 08:12:20,,,20,2022-06-22 08:13:49,0,1,0,17553,6
2022-06-24 18:52:52.613970,17591,hamian_bourse,📊 #برترین گروه صنعت به لحاظ بیشترین ارزش معاملات روز چهارشنبه ۱ تیر:  ۱. گروه خودرو ۲.گروه فلزات ۳.گروه پتروشیمی  @hamian_boursr,2022-06-22 08:18:58,,,7,2022-06-22 08:21:44,0,0,0,,6
2022-06-24 18:52:52.485046,17592,hamian_bourse,🟢 بیشترین #ورود پول #حقیقی :  ۱. گروه خودرو : ۲۷.۲+ میلیارد تومان ۲.گروه مهندسی: ۹.۸+ میلیارد تومان  🔴 بیشترین #خروج پول #حقیقی  ۱. گروه فلزات : ۶۹.۴ - میلیارد تومان ۲.گروه پتروشیمی: ۴۸.۱ - میلیارد تومان  ۱۴۰۱/۴/۱ @hamian_bourse,2022-06-22 08:21:58,,,20,2022-06-22 09:30:29,0,0,0,,6
2022-06-24 18:52:52.345880,17593,hamian_bourse,۲۰ نماینده امضایشان را از طرح استیضاح وزیر صمت پس گرفتند  🔹معاون پارلمانی رییس جمهور: ۲۰ نماینده امضایشان را از نامه استیضاح وزیر صمت پس گرفتند  🔹در نامه استیضاح وزیر صمت، نام ۳۶ نماینده مجلس ذکر شده بود که ۲۰ نماینده امضای خود را پس گرفتند  @hamian_bourse,2022-06-22 18:51:32,,,13,2022-06-22 18:51:57,0,0,0,,6
2022-06-24 18:52:52.224002,17594,hamian_bourse,امسال به لطف #ریزش بیت کوین، خبری از قطعی برق بخش خانگی نیست!,2022-06-23 06:17:47,,,68,,,0,0,,6
2022-06-24 18:52:52.081976,17595,hamian_bourse,اظهارات مصطفی طاهری؛ رئیس جدید کمیسیون صنایع مجلس در مورد صنعت خودروسازی:  🔸 ایراد قیمت گذاری دستوری خودرو یعنی تمام ورودی های و مواد اولیه مصرفی نظیر ورق فولادی و پتروشیمی و مس و... به قیمت آزاد و قیمت دلار و قیمت جهانی است اما قیمت خروجی و محصول نهایی #خودرو به صورت دستوری تعیین میشود!  🔸 هیات کارشناسان رسمی و گروه حسابرسی بزرگ در دو خودروساز بزرگ مستقر شده تا میزان دارایی و اموال آنها را ارزیابی کند تا ارزش روز آنها مشخص شود زیرا برنامه جدی و قطعی دولت #واگذاری کامل سهام خودروسازان در سال جاری است.  @hamian_bourse,2022-06-23 07:50:07,,,32,,,0,0,,6
2022-06-24 18:52:51.925180,17596,hamian_bourse,امیرعبداللهیان، ؛ وزیر امور خارجه ایران در کنفرانس خبری مشترک خبر داد:   برنامه‌ریزی‌هایی برای از سرگیری مذاکرات #وین در دستور کار قرار دارد  @hamian_bourse,2022-06-23 13:21:49,,,21,2022-06-24 04:44:13,0,0,0,,6
2022-06-24 18:52:51.771228,17597,hamian_bourse,🔻 ادامه #ریزش دسته جمعی قیمت #فلزات اساسی به دلیل افزایش نرخ بهره و رشد ایندکس دلار و احتمال رکود اقتصاد جهانی  🔻مس لیدر فلزات با ۴ درصد ریزش دیگر به ۸۴۰۶ دلار رسید !,2022-06-23 15:38:02,,,44,2022-06-23 15:40:16,0,1,0,17487,6
2022-06-24 18:52:51.612582,17598,hamian_bourse,رییس جمهور #امروز در نشست خبری خراسان شمالی:   🔸رشد اقتصادی کشور در گرو افزایش سرمایه‌گذاری و بهره‌وری است.  ✍ پی نوشت : منظور رییسی سرمایه گذاری در طلا و سکه و خونه نیست بلکه سرمایه گذاری در شرکتهای بورسی و شرکتهای تولیدی است  @hamian_bourse,2022-06-23 17:49:44,,,15,2022-06-23 17:50:12,0,0,0,,6
2022-06-24 18:52:51.488630,17599,hamian_bourse,❇️ اتحادیه اروپا: در نهایت با ایران به #توافق خواهیم رسید  سفیر اتحادیه اروپا در اسراییل گفته طرف‌های بین‌المللی سرانجام با ایران بر سر برنامه هسته‌ای این کشور به #توافق دست خواهند یافت.  @hamian_bourse,2022-06-23 19:34:19,,,42,2022-06-23 19:34:33,0,0,0,,6
2022-06-24 18:52:51.363926,17600,hamian_bourse,شام #برجامی در بروکسل  انریکه مورا با انتشار عکسی از خودش به همراه جوزپ بورل ؛ مسئول سیاست خارجی اروپا به همراه رابرت مالی ؛ نماینده آمریکا در امور ایران در بروکسل نوشت:  گفتگوی عمیقی درباره برجام و منطقه‌ خاورمیانه داشتیم. رابرت مالی بر تعهد قاطع آمریکا برای بازگشت به #توافق تاکید کرد  @hamian_bourse,2022-06-23 21:14:05,,,37,2022-06-23 21:25:42,0,0,0,,6
2022-06-24 18:52:51.206666,17601,hamian_bourse,✅ #مهم #فوری | العربی الجدید قطر:   🔸 جوزپ بورل ؛ مسئول سیاست خارجی اتحادیه اروپا برای از سرگیری مذاکرات به احتمال زیاد اوایل هفته آینده به تهران سفر می‌کند وی حامل پیام آمریکایی‌ها برای حصول توافق در وین برای احیای #برجام خواهد بود/ خبرگزاری انتخاب  🔸 امیرعبداللهیان ؛ وزیر امور خارجه ایران در کنفرانس خبری مشترک خبر داد: برنامه‌ریزی‌هایی برای از سرگیری مذاکرات #وین در دستور کار قرار دارد  @hamian_bourse,2022-06-24 04:29:48,,,42,2022-06-24 06:36:17,0,0,0,,6
2022-06-24 18:52:51.065992,17602,hamian_bourse,1⃣ https://t.me/hamian_bourse/17596 2⃣ https://t.me/hamian_bourse/17600 3⃣ https://t.me/hamian_bourse/17599 4⃣ https://t.me/hamian_bourse/17601  مجددا با زنده شدن امیدها برای از سرگیری مذاکرات وین و احیای #برجام پیرو پست های بالا (۱ تا ۴) و موضع گیری های اخیر امیر عبداللهیان وزیر خارجه ایران و مقامات ارشد اتحادیه اروپا و توییت دیشب انریکه مورا و سفر جوزپ بورل رییس کمیسیون سیاست خارجی اتحادیه اروپا و هماهنگ کننده ارشد مذاکرات به تهران؛ امیدواریم توافق حاصل گردد که برای کشور و مردم ضرورت دارد و صدالبته تاثیر مثبت بر روی سهام ریالی و صنایع برجامی نظیر سهام #بانکی و #خودرویی   ✳️ چه شود گروه #خودرویی !! از یک سو هفته سرنوشت ساز اعلام قیمت بلوکهای خودرویی و واگذاری آنها و از سوی دیگر زنده شدن امیدها به احیای برجام و حصول توافق,2022-06-24 05:18:20,,,26,,,0,0,,6
2022-06-24 18:34:38.337197,17606,hamian_bourse,✅ تایید شد : سفر بالاترین مقام اروپایی #برجام به تهران  لارنس نورمن؛ خبرنگار وال‌استریت ژورنال هم تایید کرد که جوزپ بورل؛ مسئول سیاست خارجی اتحادیه اروپا، هفته آینده برای مذاکره درباره احیای برجام به ایران سفر می‌کند  👈 پی نوشت : دو دستی بچسبید به سهام برجامی تون مثل #بانکی و #خودرویی  @hamian_bourse,2022-06-24 05:42:51,,,55,,,0,0,,6
2022-06-24 18:34:38.210576,17607,hamian_bourse,✳️ خطیب زاده ؛ سخنگوی وزارت خارجه خبر داد: جوزپ بورل #امشب به #تهران می‌آید  سعید خطیب زاده سخنگوی وزارت امور خارجه از سفر امشب جوزپ بورل نماینده عالی سیاست خارجی اتحادیه اروپا و هماهنگ کننده ارشد مذاکرات وین به تهران برای دیدار با وزیر امور‌ خارجه ایران و برخی‌ دیگر از مقامات جمهوری اسلامی ایران جهت مذاکره در مورد احیای #برجام خبر داد  @hamian_bourse,2022-06-24 06:56:19,,,34,2022-06-24 07:00:04,0,0,0,,6
2022-06-24 18:34:38.087535,17608,hamian_bourse,✅ خبر بسیار مهم برای گروه #خودرویی  وزیر صمت : با عرضه خودرو در بورس کالا مخالف #نیستم  👈از صبح پشت سر هم چه خبرهای خوبی برای گروه #خودرویی داره میاد : برجام و اعلام قیمت بلوکها و بورس کالا  @hamian_bourse,2022-06-24 07:09:12,,,86,2022-06-24 07:11:42,0,0,0,,6
2022-06-24 18:34:37.979126,17609,hamian_bourse,🛑  ادامه #ریزش دسته جمعی قیمت #فلزات اساسی به دلیل افزایش نرخ بهره فدرال رزرو و رشد ایندکس دلار و احتمال رکود اقتصاد جهانی  🔻 روی : ۳۲۸۸ دلار  🔻مس : ۸۱۵۳ دلار  @hamian_bourse,2022-06-24 12:26:29,,,49,2022-06-24 14:05:16,0,1,0,17487,6
2022-06-24 18:34:37.824910,17610,hamian_bourse,اطلاعیه شماره ۵ هیات کارشناسان رسمی قوه قضاییه : #اتمام زمان ارزشگذاری سهام شرکتهای زیرمجموعه ایران خودرو وسایپا  @hamian_bourse,2022-06-24 18:26:14,,,16,2022-06-24 18:26:39,0,0,0,,6
2022-06-24 18:52:50.807683,17611,hamian_bourse,✔️ دستورالعمل هیات ارزش گذاری #برند و حق الامتیاز شرکتهای #ایرانخودرو و #سایپا و زیرمجموعه های آنها   @hamian_bourse,2022-06-24 18:42:29,,,5,,,0,0,,6
2022-06-24 18:52:46.259499,23451,ariyaz_1,دوستان لطفا در مثبت ها وصف خرید در هیچ سهمی ورود نکنید  چون شاخص در محدوده حساسیه,2022-06-13 06:02:19,,,1,,,1,0,23449,1
2022-06-24 18:52:46.147797,23452,ariyaz_1,#فملی  چنانچه بتواند بروی 770 تثبیت شود  احتمال صعود تا سقف کانال 860 را دارد  @ariyaz_1,2022-06-13 06:15:12,,,15,,,0,0,,1
2022-06-24 18:52:45.999196,23453,ariyaz_1,#حگردش   در محدوده کف کانال قرار دارد   مستعد رشد تا سقف کانال 280 میباشد  @ariyaz_1,2022-06-13 07:16:38,,,7,,,0,0,,1
2022-06-24 18:52:45.890486,23454,ariyaz_1,,2022-06-14 04:25:30,,,1,,,0,0,,1
2022-06-24 18:52:45.770820,23455,ariyaz_1,بیشترین #تقاضا,2022-06-14 04:25:52,,,0,,,0,0,,1
2022-06-24 18:52:45.660102,23456,ariyaz_1,بیشترین  #عرضه,2022-06-14 04:26:07,,,0,,,0,0,,1
2022-06-24 18:52:45.524466,23457,ariyaz_1,#وآرین  سهم بروی حمایت تشکیل کف دوقلو داده است  در صورت شکست مقاومت 140 اهداف 155و180و190 را خواهد داشت  حمایت 120  @ariyaz_1,2022-06-14 05:54:20,,,3,,,0,0,,1
2022-06-24 18:52:45.407777,23458,ariyaz_1,,2022-06-15 04:26:44,,,0,,,0,0,,1
2022-06-24 18:52:45.235482,23459,ariyaz_1,#سامان  حمایت کف کانال را در محدوده300 دارد  در صورت شکست مقاومت335 میتواند تا390صعود داشته باشد  حد ضرر شکست کف کانال 250 تومان  @ariyaz_1,2022-06-15 05:31:36,,,9,,,0,0,,1
2022-06-24 18:52:45.112995,23460,ariyaz_1,#وآرین صف خرید میلیونی 👌,2022-06-15 08:07:14,,,1,,,1,0,23457,1
2022-06-24 18:52:45.000336,23461,ariyaz_1,,2022-06-18 04:31:20,,,0,,,0,0,,1
2022-06-24 18:52:44.892123,23462,ariyaz_1,#شستا  حمایت خط روند صعودی را در محدوده95دارد  @ariyaz_1,2022-06-18 04:31:59,,,8,2022-06-18 04:32:38,0,0,0,,1
2022-06-24 18:52:44.780609,23463,ariyaz_1,#خپارس  در حال پولبک به حمایت شکسته شده میباشد  محدوده مناسب ورود تثبیت بروی1130  @ariyaz_1,2022-06-18 05:28:55,,,8,,,0,0,,1
2022-06-24 18:52:44.558635,23464,ariyaz_1,#غدام  حمایتها5000و4800و4200  @ariyaz_1,2022-06-18 05:31:34,,,7,,,0,0,,1
2022-06-24 18:52:44.423252,23465,ariyaz_1,,2022-06-19 04:17:45,,,0,,,0,0,,1
2022-06-24 18:34:34.778568,23466,ariyaz_1,#وآرین صف خرید میلیونی 👌  @ariyaz_1,2022-06-19 04:18:48,,,1,,,1,0,23457,1
2022-06-24 18:34:34.638848,23467,ariyaz_1,#سامان صف خرید میلیونی 👌  @ariyaz_1,2022-06-19 04:19:27,,,1,,,1,0,23459,1
2022-06-24 18:34:34.495098,23468,ariyaz_1,بازگشایی نماد #دی بعد از 8 ماه بسته بودن,2022-06-19 05:57:22,,,8,,,0,0,,1
2022-06-24 18:34:34.356778,23469,ariyaz_1,#سامان بازهم به صف خرید نشست😁  @ariyaz_1,2022-06-19 06:56:51,,,0,,,1,0,23467,1
2022-06-24 18:34:34.243045,23470,ariyaz_1,بانک دی  ۲۹حقوقی با عرضه ۸۷درصدی در مچینگ  بانک دی را پس از ۸ماه  ۱۵درصد منفی مچ کردند!,2022-06-19 07:08:23,,,13,,,1,0,23468,1
2022-06-24 18:52:58.519693,23937,meta_bourse,#زملارد صف خرید✅   قیمت ورود 7800 قیمت انلاین  15310 90%سود خالص❤️💪🔥🔥🔥🔥,2022-05-29 04:52:02,,,0,,,1,0,23927,11
2022-06-24 18:52:58.379789,23938,meta_bourse,یک سهم دیگه زیر نظر داریم باید بیاد تا منطقه خرید✅,2022-05-29 04:52:20,,,0,,,0,0,,11
2022-06-24 18:52:58.252934,23939,meta_bourse,تمام مثبت های بازار رو دارند سرکوب میکنند!!!!!!! ✅,2022-05-29 05:11:26,,,0,,,0,0,,11
2022-06-24 18:52:58.113052,23940,meta_bourse,#شاخص بعد از 1540🔺 حمایت بعدی 1530 که براتون مشخص کردیم✅,2022-05-29 05:35:08,,,0,,,0,0,,11
2022-06-24 18:52:57.986609,23941,meta_bourse,خرید و فروش در بازار خودرو به مرز صفر رسید   🔹 در حال حاضر افت قیمت دلار را شاید بتوان یکی از دلایل ثبات قیمت خودرو در بازار دانست.  🔹 فعالان بازار خودرو نیز معتقدند بازار کشش افزایش بیشتر قیمت را ندارد و همین امر موجب شده تا شاهد افزایش قیمت خودرو در بازار نباشیم.   🔹 فروشندگان خودرو معتقدند بخشی از متقاضیان خرید خودرو در حال محک زدن شانس خود در قرعه کشی سامانه فروش یکپارچه خودرو هستند، برخی دیگر هم منتظر تعیین تکلیف واردات خودرو که همین امر باعث شده تا بازار کساد بوده و خبری از معاملات نباشد./تسنيم,2022-05-29 05:40:09,,,0,,,0,0,,11
2022-06-24 18:52:57.815235,23942,meta_bourse,داخل محدوده حمایتی هستیم✅  انشاالله که کم کم تقاضا شکل بگیره🙏🙏  چنانچه حمایت صورت بگیره پیگیر سیگنال پیشنهادی هستیم,2022-05-29 05:41:31,,,0,,,1,0,23940,11
2022-06-24 18:52:57.691000,23943,meta_bourse,تایر هم ۳۰ درصد گران شد.. شاهد رنج مثبت در گروه #لاستیک هستیم.,2022-05-29 05:55:04,,,0,,,0,0,,11
2022-06-24 18:52:57.564332,23944,meta_bourse,#فنفت دوستانی که اهل ریسک نیستند #فنفت رو با 7٪سود روی +2 خروج بزنند,2022-05-29 06:48:29,,,0,,,1,0,23934,11
2022-06-24 18:52:57.432358,23945,meta_bourse,خسته نباشید🌹,2022-05-29 08:35:09,,,0,,,0,0,,11
2022-06-24 18:52:57.301411,23946,meta_bourse,,2022-05-30 04:14:05,,,0,,,0,0,,11
2022-06-24 18:52:57.160505,23947,meta_bourse,سلام صبح همگی همراهان بخیر🌹,2022-05-30 04:14:16,,,0,,,0,0,,11
2022-06-24 18:52:57.018239,23948,meta_bourse,"♻️  آنچه که باید پیش از شروع بازار بدانید....    〰〰〰〰〰〰〰〰〰〰〰〰〰〰  🇺🇸 #دلار                     30,830  تومان  🇪🇺 #یورو                   33,210 تومان  🥇 #سکه                   14.850 میلیون تومان 💰 #انس‌طلا               1,859 دلار 🛢 #نفت                    120  دلار  🛎 #مس                    9,382 دلار 💸  #بیت‌کوین            28,936 دلار 📈#شاخص‌بورس        1,534,057 واحد 📊 #ارزش‌معاملات‌      5,052 میلیارد تومان  〰〰〰〰〰〰〰〰〰〰〰〰〰〰 📆  دوشنبه 9 / خرداد / 1401",2022-05-30 04:14:48,,,0,,,0,0,,11
2022-06-24 18:52:56.875674,23949,meta_bourse,#ختراک صف خرید✅ قیمت ورود 4200 قیمت انلاین 7400 57%سودخالص تقدیم دوستان😍😍,2022-05-30 04:39:52,,,0,,,1,0,23865,11
2022-06-24 18:52:56.750898,23950,meta_bourse,#زملارد صف خرید✅   قیمت ورود 7800 قیمت انلاین  16000 95%سود خالص🔥🔥🔥🔥,2022-05-30 04:40:18,,,0,,,1,0,23937,11
2022-06-24 18:52:56.611220,23951,meta_bourse,نمای بازار,2022-05-30 04:40:57,,,1,,,0,0,,11
2022-06-24 18:34:40.929171,23952,meta_bourse,#وثوق صف خرید✅ قیمت ورود 5530 قیمت انلاین 9290 51%سودخالص تقدیم دوستان🔥🔥🔥,2022-05-30 04:49:46,,,0,,,1,0,23927,11
2022-06-24 18:34:40.807074,23953,meta_bourse,#بجهرم قیمت ورود:251 حدضرر:235  بررسی کنید✅,2022-05-30 05:49:51,,,0,,,0,0,,11
2022-06-24 18:34:40.664788,23954,meta_bourse,⛔  |  #خروج_سنگين  | (1) بار   #کپارس خروج: 1.119 میلیارد تومان تعداد : 1 نفر نسبت به ارزش معاملات  : 25% قدرت  : 0.99 قيمت : 4.95% | 9960 سرانه خ: 24تومان |س ف: 24 تومان    ➖➖➖➖➖➖➖➖➖➖➖,2022-05-30 05:55:00,,,0,,,0,0,,11
2022-06-24 18:34:40.540831,23955,meta_bourse,✅تحرکات در گروه پتروشیمی ها و محصولات شیمیایی    و خودرویی ها     باعث شده بازار بعد یک ساعت و نیم یه جونی به خودش بگیره,2022-05-30 06:04:07,,,1,,,0,0,,11
2022-06-24 18:34:40.410036,23956,meta_bourse,"🔴  #فروش_سنگین_حقوقی 🔴 #نوری  حجم:216,085  قیمت:125,460  (%5.00+)",2022-05-30 06:04:33,,,0,,,0,0,,11
2022-06-24 18:53:00.971009,33968,topsignalexchange,سمگا کد سنگین در صف خرید قیمت ۸۰۴,2022-06-19 05:28:26,,,1,,,0,0,,3
2022-06-24 18:53:00.840796,33969,topsignalexchange,سصفها مجددا مورد توجه,2022-06-19 05:29:38,,,2,,,0,0,,3
2022-06-24 18:53:00.718431,33970,topsignalexchange,,2022-06-20 03:42:38,,,0,,,0,0,,3
2022-06-24 18:53:00.596330,33971,topsignalexchange,واچ لیست  فولاد کخاک شپنا قصفها انرژی 3,2022-06-20 03:44:51,,,4,,,0,0,,3
2022-06-24 18:53:00.452452,33972,topsignalexchange,ثفارس بارها به ارزنده بودنش تاکید کردیم ✌️✌️✌️,2022-06-21 15:15:06,,,1,,,1,0,33178,3
2022-06-24 18:53:00.330229,33973,topsignalexchange,,2022-06-21 15:16:10,,,0,,,0,0,,3
2022-06-24 18:53:00.187769,33974,topsignalexchange,ثفارس بدون شرح☝️☝️☝️☝️,2022-06-21 15:16:25,,,0,,,1,0,33973,3
2022-06-24 18:53:00.066159,33975,topsignalexchange,فمراد معرفی روی ۱۱۰۰ت  اکنون ۳۶۰۰,2022-06-21 15:20:13,,,0,,,1,0,31415,3
2022-06-24 18:52:59.938872,33976,topsignalexchange,سهم از کف اعلام شده ۱۰۰ت پایین آمد واستارت زد ✌️✌️✌️,2022-06-21 15:20:48,,,0,,,1,0,33975,3
2022-06-24 18:52:59.809013,33977,topsignalexchange,آپ محدوده بررسی ۷۰۰میتوان گفت استارت سهم  امروز زده شد  ۱۴۰۱/۳/۳۱ قیمت صف خرید ۷۰۰ بمونه یادگاری,2022-06-21 15:22:54,,,5,,,1,0,33884,3
2022-06-24 18:52:59.676086,33979,topsignalexchange,,2022-06-22 03:28:58,,,0,,,0,0,,3
2022-06-24 18:52:59.547113,33980,topsignalexchange,واچ لیست امروز  سنیر  حپترو  امین سامان آپ ۱۴۰۱/۴/۱,2022-06-22 03:29:53,,,5,,,0,0,,3
2022-06-24 18:52:59.423279,33981,topsignalexchange,صف خرید ✌️✌️✌️,2022-06-22 04:27:37,,,0,,,1,0,33977,3
2022-06-24 18:52:59.268807,33982,topsignalexchange,وفمراد صف خریدی دیگر ✌️✌️✌️,2022-06-22 04:27:37,,,0,,,1,0,33976,3
2022-06-24 18:52:59.110628,33983,topsignalexchange,ثفارس وصف وصف خرید فوق سنگین ✌️✌️✌️,2022-06-22 04:27:37,,,0,,,1,0,33974,3
2022-06-24 18:34:42.214553,33984,topsignalexchange,,2022-06-22 07:03:22,,,1,,,0,0,,3
2022-06-24 18:34:42.106178,33985,topsignalexchange,وآذر سیگنال وی ای پی از صف فروش تا صف خرید ✌️✌️✌️✌️,2022-06-22 07:04:59,,,1,,,1,0,33984,3
2022-06-24 18:34:41.982677,33986,topsignalexchange,با عرض سلام وادب واحترام  دوستان فعالیت کانال به مدت سه ماه هیچ گونه فعالیتی نخواهد داشت  با آرزوی موفقیت و شادکامی وتشکر از همراهی شما عزیزان موفق باشید  ۱۴۰۱/۴/۲,2022-06-23 19:28:07,,,2,2022-06-23 19:28:17,0,0,0,,3
2022-06-24 18:34:41.852397,33987,topsignalexchange,پیرو سوالات دوستان در مورد عدم فعالیت موقت کانال  اولا لازم دونستم تشکر کنم از پیامهای محبت آمیز دوستان  وبعد عدم فعالیت موقتی چند ماهه هست انشالله در اسرع وقت پر قدرت تر از همیشه بر خواهیم گشت  ارادتمند  شما مدیریت کانال تاپ سیگنال بورس🙏🙏🙏🙏🙏,2022-06-24 06:29:45,,,1,2022-06-24 06:38:12,0,0,0,,3
2022-06-24 18:34:41.713766,33988,topsignalexchange,,2022-06-24 06:34:35,,,6,,,0,0,,3
2022-06-24 18:52:41.443309,40677,GoldenSignalChannel,⚜با افت دلار بیشتر سهم های دلاری در محدوده منفی هستن ولی افت دلار مقطعی و در روز های اینده رشد خواهد کرد,2022-06-15 05:40:35,,,6,,,0,0,,7
2022-06-24 18:52:41.334529,40678,GoldenSignalChannel,وپترو مثبت ۱ درصد 😍,2022-06-15 05:59:03,,,4,,,1,0,40676,7
2022-06-24 18:52:41.210727,40683,GoldenSignalChannel,✅شروع متعادل چخزر   کلیت بازار در انتظار تقاضا فروشنده ای در بازار وجود نداره,2022-06-19 04:46:58,,,1,,,1,0,40668,7
2022-06-24 18:52:41.100274,40684,GoldenSignalChannel,✅تجلی مجددا از محدوده ۱۵۰ برگشت زد   ⚜ناحیه خوبی در این محدوده ساخته,2022-06-19 05:12:35,,,3,,,0,0,,7
2022-06-24 18:52:40.975221,40685,GoldenSignalChannel,#نرخ_سود  📌بانک مرکزی با افزایش 0/11 درصدی نرخ سود بین بانکی، سیاست های انقباضی خود را ادامه داد,2022-06-19 05:13:36,,,1,,,0,0,,7
2022-06-24 18:52:40.866085,40686,GoldenSignalChannel,✅رنج مثبت شدید در وپترو   ♻️از منفی ۴ تا منفی ۱,2022-06-19 05:18:58,,,0,,,0,0,,7
2022-06-24 18:52:40.755879,40687,GoldenSignalChannel,✅اپ در محدوده مثبت   ⚜جلوی کاهش قیمتش گرفته شده و در مثبت ها پیشتاز,2022-06-19 05:57:06,,,1,,,1,0,40675,7
2022-06-24 18:52:40.599380,40690,GoldenSignalChannel,رنج مثبت شدید در سهگمت 🔥🔥,2022-06-20 06:09:13,,,3,,,1,0,40669,7
2022-06-24 18:52:40.475581,40691,GoldenSignalChannel,✅رنج مثبت و تقاضای بالا در گروه خودرویی  نام وزارت صمت در رابطه با واگذاری بلوکی دو سهم ایران‌خودرو و سایپا نشان از مصمم بودن برای واگذاری میدهد,2022-06-20 07:14:49,,,1,,,0,0,,7
2022-06-24 18:52:40.350605,40692,GoldenSignalChannel,گروه خودرویی رو بررسی کنید   از طرفی روی حمایت خودشون هستند از طرفی از طرف دولت سهام ارزنده و طلایی تلقی شدن,2022-06-20 07:33:17,,,3,,,0,0,,7
2022-06-24 18:52:40.241030,40693,GoldenSignalChannel,💢حقوقی ها و صندوق های بازار در خال جمع اوری صفوف سنگین فروش در سهم هایی مثل تفارس هستند مراقب سهام خودتون باشید    ❌با قیمت و تورم موجود دیر یا زود موج بعدی بازارشروع میشه,2022-06-20 07:36:12,,,3,,,0,0,,7
2022-06-24 18:52:40.132254,40694,GoldenSignalChannel,برکت مقاومت خودش رو شکسته و در منفی های کامل میتونه پولبکش رو کامل کنه بررسی شه,2022-06-21 05:53:27,,,0,,,0,0,,7
2022-06-24 18:52:39.991046,40695,GoldenSignalChannel,✅تجلی روند رنجی داره از زمان معرفی ۷ درصد مثبت ۵ درصد منفی و کلا ۲ درصد سود داده,2022-06-21 05:59:47,,,0,,,1,0,40665,7
2022-06-24 18:52:39.835922,40696,GoldenSignalChannel,بازار کامل دستوری در حال پیش رویه   از طرفی با قیمت ها هماهنگ نیست که قفلش بزودی شکسته میشه  الان فقط در حال اصلاح زمانی هستن که نهایتا تا نیمه تیر ماه بخواد طول بکشه,2022-06-21 06:00:55,,,3,,,0,0,,7
2022-06-24 18:52:39.679809,40699,GoldenSignalChannel,#پیشنهاد_بررسی   #وخاور روی محدوده حمایتیش کد به کد انجام داده همراه باکندل هامر   مناسب برای بررسی,2022-06-22 04:15:06,,,1,,,0,0,,7
2022-06-24 18:52:39.538482,40700,GoldenSignalChannel,✅رنج مثبت در وخاور   ♻️اردر های حمایتی قوی در محدوده مثبت,2022-06-22 04:52:34,,,0,,,1,0,40699,7
2022-06-24 18:34:32.543582,40701,GoldenSignalChannel,تجلی بدون شرح ....   🔰حمایت مستحکم سهم در ۱۵۰ بسته شده و اردر حمایتی قوی بر روی این عدد,2022-06-22 04:55:20,,,1,,,1,0,40695,7
2022-06-24 18:34:32.420582,40702,GoldenSignalChannel,#فوری  با حذف حجم مبنای 16 نماد جدید،حجم مبنای ۷۸ نماد از ۱۵۵ نماد پذیرش شده در فرابورس حذف شد.  این نمادها شامل نمادهایی است که به طور متوسط بیش از ۱۵۰ درصد حجم مبنا معامله می شوند.,2022-06-22 04:58:48,,,2,,,0,0,,7
2022-06-24 18:34:32.299593,40703,GoldenSignalChannel,رنج مثبت و جو خرید خوبی بر روی گروه خودرویی رفته,2022-06-22 06:30:25,,,0,,,1,0,40692,7
2022-06-24 18:34:32.171339,40704,GoldenSignalChannel,,2022-06-24 18:29:00,,,1,,,0,0,,7
2022-06-24 18:34:32.045013,40705,GoldenSignalChannel,امروز 1401/4/3 چهارمین جلسه از #دوره_آموزشی_روانشناسی_بازار برگرفته از #کتاب (گاو ها و خرس ها) بررسی ۱۰ باور غلط در بازار سرمایه که توسط خانم شادی محمدی گوینده و تحلیلگر عزیزمان تهیه و تنظیم شده است را برایتان منتشر کردیم پایان هر فصل تست گرفته میشه و دوستانی که موفق به کسب نمره قبولی می‌شوند #جوایزی در نظر داریم که شامل  #بررسی تخصصی نماد درخواستی و #اصلاح تخصصی سبد  و.... می‌باشد  #آموزشی #روانشناسی_بازار #بنیادی #تکنیکال #بورس #فارکس #طلا #ارز_دیجیتال  اخر هر هفته کلاس آموزشی داریم کاملا رایگان از دستش ندی @arkabourse13670 فصل اول قسمت چهارم,2022-06-24 18:32:47,,,0,,,0,0,,7